,Year,Combustible,Type,Subtype,Unit,Domestic,Imports,Total
0,2000,Noncombustible Tobacco,Smokeless Tobacco,Chewing Tobacco,Pounds,45502156.0,91965.0,45594121.0
1,2000,Combustible Tobacco,Cigarettes,Cigarette Removals,Cigarettes,859727284.9648438,25024315.46875,884751600.4335938
2,2000,Combustible Tobacco,Cigars,Total Cigars,Cigars,22802273.5240625,2227237.1875,25029510.7115625
3,2000,Combustible Tobacco,Loose Tobacco,Total Loose Tobacco,Cigarette Equivalents,16841656.0,1427444.0009375,18269100.0009375
4,2000,Combustible Tobacco,Loose Tobacco,Total Loose Tobacco,Pounds,16841656.0,1427444.0,18269100.0
5,2000,Combustible Tobacco,Cigars,Small Cigars,Cigars,9112736.11625,146449.0625,9259185.17875
6,2000,Combustible Tobacco,Loose Tobacco,Pipe Tobacco,Pounds,5352683.0,739887.0,6092570.0
7,2000,Combustible Tobacco,Loose Tobacco,Roll-Your-Own Tobacco,Cigarette Equivalents,11488973.000781251,687557.0,12176530.000781251
8,2000,Combustible Tobacco,Loose Tobacco,Roll-Your-Own Tobacco,Pounds,11488973.0,687557.0,12176530.0
9,2000,Combustible Tobacco,Cigars,Large Cigars,Cigars,13689537.4078125,2080788.125,15770325.5328125
10,2000,Combustible Tobacco,Loose Tobacco,Pipe Tobacco,Cigarette Equivalents,5352682.99921875,739887.0009375,6092570.00015625
11,2000,Noncombustible Tobacco,Smokeless Tobacco,Snuff,Pounds,66134630.0,17729.0,66152359.0
12,2000,Combustible Tobacco,All Combustibles,Total Combustible Tobacco,Cigarette Equivalents,887970077.7268751,27565378.0634375,915535455.7903125
13,2001,Combustible Tobacco,Loose Tobacco,Pipe Tobacco,Cigarette Equivalents,4918355.999375001,1002060.9990625001,5920417.0004687505
14,2001,Combustible Tobacco,Cigars,Total Cigars,Cigars,23298880.8121875,2473156.5625,25772037.3746875
15,2001,Noncombustible Tobacco,Smokeless Tobacco,Chewing Tobacco,Pounds,49397524.0,102162.0,49499686.0
16,2001,Noncombustible Tobacco,Smokeless Tobacco,Snuff,Pounds,69804806.0,11675.0,69816481.0
17,2001,Combustible Tobacco,Cigarettes,Cigarette Removals,Cigarettes,836938468.0129688,29836848.4375,866775316.4504688
18,2001,Combustible Tobacco,Loose Tobacco,Total Loose Tobacco,Pounds,13570691.0,1925219.0,15495910.0
19,2001,Combustible Tobacco,Loose Tobacco,Total Loose Tobacco,Cigarette Equivalents,13570690.99953125,1925218.9998437501,15495909.999375
20,2001,Combustible Tobacco,Cigars,Large Cigars,Cigars,14477601.98625,2196991.875,16674593.86125
21,2001,Combustible Tobacco,Loose Tobacco,Roll-Your-Own Tobacco,Pounds,8652335.0,923158.0,9575493.0
22,2001,Combustible Tobacco,Loose Tobacco,Roll-Your-Own Tobacco,Cigarette Equivalents,8652335.00015625,923158.0007812501,9575493.000937501
23,2001,Combustible Tobacco,Loose Tobacco,Pipe Tobacco,Pounds,4918356.0,1002061.0,5920417.0
24,2001,Combustible Tobacco,Cigars,Small Cigars,Cigars,8821278.8259375,276164.6875,9097443.5134375
25,2001,Combustible Tobacco,All Combustibles,Total Combustible Tobacco,Cigarette Equivalents,862158599.4185938,32998645.71859375,895157245.1371875
26,2002,Combustible Tobacco,Cigars,Small Cigars,Cigars,9131834.473125,386270.625,9518105.098125
27,2002,Combustible Tobacco,Cigars,Large Cigars,Cigars,15044401.88875,2030941.25,17075343.13875
28,2002,Combustible Tobacco,Loose Tobacco,Roll-Your-Own Tobacco,Pounds,10567681.0,1084950.0,11652631.0
29,2002,Combustible Tobacco,Loose Tobacco,Roll-Your-Own Tobacco,Cigarette Equivalents,10567680.9996875,1084950.00046875,11652631.00015625
30,2002,Combustible Tobacco,Cigars,Total Cigars,Cigars,24176236.361875,2417211.875,26593448.236875
31,2002,Noncombustible Tobacco,Smokeless Tobacco,Chewing Tobacco,Pounds,47095214.0,215769.0,47310983.0
32,2002,Combustible Tobacco,Loose Tobacco,Pipe Tobacco,Pounds,4627209.0,973090.0,5600299.0
33,2002,Noncombustible Tobacco,Smokeless Tobacco,Snuff,Pounds,71242932.0,9827.0,71252759.0
34,2002,Combustible Tobacco,All Combustibles,Total Combustible Tobacco,Cigarette Equivalents,829366414.6482813,45621826.093593754,874988240.741875
35,2002,Combustible Tobacco,Loose Tobacco,Total Loose Tobacco,Pounds,15194890.0,2058040.0,17252930.0
36,2002,Combustible Tobacco,Loose Tobacco,Pipe Tobacco,Cigarette Equivalents,4627209.00078125,973089.999375,5600299.00015625
37,2002,Combustible Tobacco,Loose Tobacco,Total Loose Tobacco,Cigarette Equivalents,15194890.000468751,2058039.9998437501,17252930.0003125
38,2002,Combustible Tobacco,Cigarettes,Cigarette Removals,Cigarettes,802083406.4668751,42355180.15625,844438586.6231251
39,2003,Combustible Tobacco,Loose Tobacco,Total Loose Tobacco,Cigarette Equivalents,15508342.000937501,1952093.9993750001,17460436.0003125
40,2003,Combustible Tobacco,Loose Tobacco,Roll-Your-Own Tobacco,Pounds,11353137.0,1254008.0,12607145.0
41,2003,Noncombustible Tobacco,Smokeless Tobacco,Chewing Tobacco,Pounds,45906067.0,174399.0,46080466.0
42,2003,Combustible Tobacco,Cigars,Small Cigars,Cigars,9351763.2325,700249.0625,10052012.295
43,2003,Combustible Tobacco,Loose Tobacco,Pipe Tobacco,Pounds,4155205.0,698086.0,4853291.0
44,2003,Combustible Tobacco,Cigars,Large Cigars,Cigars,16325250.556875,2090424.375,18415674.931875
45,2003,Combustible Tobacco,All Combustibles,Total Combustible Tobacco,Cigarette Equivalents,794618810.2064062,50239011.655625,844857821.8620312
46,2003,Combustible Tobacco,Loose Tobacco,Total Loose Tobacco,Pounds,15508342.0,1952094.0,17460436.0
47,2003,Combustible Tobacco,Cigars,Total Cigars,Cigars,25677013.789375,2790673.4375,28467687.226875
48,2003,Noncombustible Tobacco,Smokeless Tobacco,Snuff,Pounds,74700715.0,8369.0,74709084.0
49,2003,Combustible Tobacco,Loose Tobacco,Roll-Your-Own Tobacco,Cigarette Equivalents,11353137.00015625,1254008.00078125,12607145.000937501
50,2003,Combustible Tobacco,Loose Tobacco,Pipe Tobacco,Cigarette Equivalents,4155205.00078125,698086.000625,4853290.999375001
51,2003,Combustible Tobacco,Cigarettes,Cigarette Removals,Cigarettes,766271961.3107812,46891580.9375,813163542.2482812
52,2004,Noncombustible Tobacco,Smokeless Tobacco,Snuff,Pounds,77983437.0,16833.0,78000270.0
53,2004,Combustible Tobacco,All Combustibles,Total Combustible Tobacco,Cigarette Equivalents,792525579.3020313,49267427.4990625,841793006.8010938
54,2004,Combustible Tobacco,Cigarettes,Cigarette Removals,Cigarettes,761673330.4496875,46064234.53125,807737564.9809375
55,2004,Combustible Tobacco,Cigars,Large Cigars,Cigars,17546587.7640625,2500858.75,20047446.5140625
56,2004,Combustible Tobacco,Cigars,Small Cigars,Cigars,10975437.939375,875237.1875,11850675.126875
57,2004,Combustible Tobacco,Cigars,Total Cigars,Cigars,28522025.7034375,3376095.9375,31898121.6409375
58,2004,Combustible Tobacco,Loose Tobacco,Pipe Tobacco,Cigarette Equivalents,3904810.0,794487.0009375,4699297.0009375
59,2004,Combustible Tobacco,Loose Tobacco,Pipe Tobacco,Pounds,3904810.0,794487.0,4699297.0
60,2004,Combustible Tobacco,Loose Tobacco,Roll-Your-Own Tobacco,Cigarette Equivalents,12686426.000625001,720658.00015625,13407084.000781251
61,2004,Combustible Tobacco,Loose Tobacco,Roll-Your-Own Tobacco,Pounds,12686426.0,720658.0,13407084.0
62,2004,Combustible Tobacco,Loose Tobacco,Total Loose Tobacco,Cigarette Equivalents,16591236.000625001,1515144.9990625,18106380.9996875
63,2004,Combustible Tobacco,Loose Tobacco,Total Loose Tobacco,Pounds,16591236.0,1515145.0,18106381.0
64,2004,Noncombustible Tobacco,Smokeless Tobacco,Chewing Tobacco,Pounds,42940196.0,208894.0,43149090.0
65,2005,Combustible Tobacco,Loose Tobacco,Pipe Tobacco,Cigarette Equivalents,3890783.0,1030224.999375,4921007.999375001
66,2005,Combustible Tobacco,Loose Tobacco,Total Loose Tobacco,Cigarette Equivalents,19388294.00015625,3030222.0,22418516.00015625
67,2005,Combustible Tobacco,Loose Tobacco,Pipe Tobacco,Pounds,3890783.0,1030225.0,4921008.0
68,2005,Noncombustible Tobacco,Smokeless Tobacco,Snuff,Pounds,80241576.0,11018.0,80252594.0
69,2005,Noncombustible Tobacco,Smokeless Tobacco,Chewing Tobacco,Pounds,38883276.0,315916.0,39199192.0
70,2005,Combustible Tobacco,Loose Tobacco,Roll-Your-Own Tobacco,Pounds,15497511.0,1999997.0,17497508.0
71,2005,Combustible Tobacco,Cigars,Small Cigars,Cigars,15323917.00125,798090.3125,16122007.31375
72,2005,Combustible Tobacco,Cigars,Large Cigars,Cigars,18004187.845312502,2647661.25,20651849.095312502
73,2005,Combustible Tobacco,Loose Tobacco,Roll-Your-Own Tobacco,Cigarette Equivalents,15497511.00015625,1999997.000625,17497508.00078125
74,2005,Combustible Tobacco,Loose Tobacco,Total Loose Tobacco,Pounds,19388294.0,3030222.0,22418516.0
75,2005,Combustible Tobacco,All Combustibles,Total Combustible Tobacco,Cigarette Equivalents,773322107.2504687,41589400.125,814911507.3754687
76,2005,Combustible Tobacco,Cigarettes,Cigarette Removals,Cigarettes,737269760.8270313,36836302.34375,774106063.1707813
77,2005,Combustible Tobacco,Cigars,Total Cigars,Cigars,33328104.8465625,3445751.5625,36773856.409062505
78,2006,Combustible Tobacco,Cigars,Total Cigars,Cigars,35204913.07125,4334720.0,39539633.07125
79,2006,Combustible Tobacco,Cigars,Large Cigars,Cigars,18295892.6678125,3230227.8125,21526120.4803125
80,2006,Combustible Tobacco,Loose Tobacco,Roll-Your-Own Tobacco,Cigarette Equivalents,16315997.99984375,1139660.00078125,17455658.000625
81,2006,Combustible Tobacco,Cigars,Small Cigars,Cigars,16909020.4034375,1104492.1875,18013512.5909375
82,2006,Combustible Tobacco,Cigarettes,Cigarette Removals,Cigarettes,740262852.4707813,32817791.09375,773080643.5645313
83,2006,Noncombustible Tobacco,Smokeless Tobacco,Chewing Tobacco,Pounds,38862076.0,235747.0,39097823.0
84,2006,Combustible Tobacco,Loose Tobacco,Pipe Tobacco,Cigarette Equivalents,3276919.99984375,1439422.99921875,4716342.9990625
85,2006,Combustible Tobacco,All Combustibles,Total Combustible Tobacco,Cigarette Equivalents,777458227.0060937,37564234.09375,815022461.0998437
86,2006,Combustible Tobacco,Loose Tobacco,Roll-Your-Own Tobacco,Pounds,16315998.0,1139660.0,17455658.0
87,2006,Combustible Tobacco,Loose Tobacco,Pipe Tobacco,Pounds,3276920.0,1439423.0,4716343.0
88,2006,Noncombustible Tobacco,Smokeless Tobacco,Snuff,Pounds,86576507.0,63497.0,86640004.0
89,2006,Combustible Tobacco,Loose Tobacco,Total Loose Tobacco,Cigarette Equivalents,19592917.9996875,2579083.0,22172000.9996875
90,2006,Combustible Tobacco,Loose Tobacco,Total Loose Tobacco,Pounds,19592918.0,2579083.0,22172001.0
91,2007,Combustible Tobacco,Loose Tobacco,Roll-Your-Own Tobacco,Pounds,17283788.0,1658991.0,18942779.0
92,2007,Combustible Tobacco,Loose Tobacco,Total Loose Tobacco,Cigarette Equivalents,20423605.9990625,3521303.0003125,23944908.999375
93,2007,Combustible Tobacco,Loose Tobacco,Pipe Tobacco,Cigarette Equivalents,3139818.0003125,1862311.9998437501,5002130.00015625
94,2007,Combustible Tobacco,Loose Tobacco,Total Loose Tobacco,Pounds,20423606.0,3521303.0,23944909.0
95,2007,Combustible Tobacco,Loose Tobacco,Pipe Tobacco,Pounds,3139818.0,1862312.0,5002130.0
96,2007,Combustible Tobacco,Loose Tobacco,Roll-Your-Own Tobacco,Cigarette Equivalents,17283788.00078125,1658991.00046875,18942778.99921875
97,2007,Combustible Tobacco,Cigarettes,Cigarette Removals,Cigarettes,707519891.1665626,26959566.5625,734479457.7290626
98,2007,Combustible Tobacco,Cigars,Large Cigars,Cigars,18925835.215625,3611578.75,22537413.965625
99,2007,Combustible Tobacco,Cigars,Total Cigars,Cigars,38627442.7621875,4875824.6875,43503267.4496875
100,2007,Noncombustible Tobacco,Smokeless Tobacco,Snuff,Pounds,88266593.0,101194.0,88367787.0
101,2007,Combustible Tobacco,All Combustibles,Total Combustible Tobacco,Cigarette Equivalents,747257218.5467187,32918781.9065625,780176000.4532813
102,2007,Combustible Tobacco,Cigars,Small Cigars,Cigars,19701607.5465625,1264245.9375,20965853.4840625
103,2007,Noncombustible Tobacco,Smokeless Tobacco,Chewing Tobacco,Pounds,35086655.0,217387.0,35304042.0
104,2008,Combustible Tobacco,Cigars,Small Cigars,Cigars,22225761.358125,1665109.0625,23890870.420625
105,2008,Noncombustible Tobacco,Smokeless Tobacco,Snuff,Pounds,94596853.0,221808.0,94818661.0
106,2008,Combustible Tobacco,Cigars,Total Cigars,Cigars,41208753.015625,5663754.6875,46872507.703125
107,2008,Combustible Tobacco,Loose Tobacco,Total Loose Tobacco,Cigarette Equivalents,23466898.0,3562922.0006250003,27029820.000625
108,2008,Combustible Tobacco,Loose Tobacco,Pipe Tobacco,Cigarette Equivalents,3176767.99984375,2075034.0,5251801.99984375
109,2008,Combustible Tobacco,Cigarettes,Cigarette Removals,Cigarettes,681249377.1565626,22415254.0625,703664631.2190626
110,2008,Combustible Tobacco,All Combustibles,Total Combustible Tobacco,Cigarette Equivalents,725320164.1643751,28810053.406875,754130705.0712501
111,2008,Noncombustible Tobacco,Smokeless Tobacco,Chewing Tobacco,Pounds,33123840.0,322100.0,33445940.0
112,2008,Combustible Tobacco,Loose Tobacco,Pipe Tobacco,Pounds,3176768.0,2075034.0,5251802.0
113,2008,Combustible Tobacco,Loose Tobacco,Total Loose Tobacco,Pounds,23466898.0,3562922.0,27029820.0
114,2008,Combustible Tobacco,Cigars,Large Cigars,Cigars,18982991.6575,3998645.625,22981637.282500003
115,2008,Combustible Tobacco,Loose Tobacco,Roll-Your-Own Tobacco,Cigarette Equivalents,20290130.00015625,1487888.000625,21778018.00078125
116,2008,Combustible Tobacco,Loose Tobacco,Roll-Your-Own Tobacco,Pounds,20290130.0,1487888.0,21778018.0
117,2009,Noncombustible Tobacco,Smokeless Tobacco,Snuff,Pounds,94762149.0,291606.0,95053755.0
118,2009,Noncombustible Tobacco,Smokeless Tobacco,Chewing Tobacco,Pounds,30228068.0,197018.0,30425086.0
119,2009,Combustible Tobacco,Cigars,Large Cigars,Cigars,32426483.041875,7321230.3125,39747713.354375005
120,2009,Combustible Tobacco,All Combustibles,Total Combustible Tobacco,Cigarette Equivalents,669278844.6885937,25660702.84375,694939547.5323437
121,2009,Combustible Tobacco,Loose Tobacco,Pipe Tobacco,Pounds,10724841.0,1982058.0,12706899.0
122,2009,Combustible Tobacco,Loose Tobacco,Total Loose Tobacco,Pounds,22284207.0,2621788.0,24905995.0
123,2009,Combustible Tobacco,Cigars,Total Cigars,Cigars,41163571.141875,8100730.625,49264301.766875
124,2009,Combustible Tobacco,Cigars,Small Cigars,Cigars,8737088.1,779500.3125,9516588.4125
125,2009,Combustible Tobacco,Loose Tobacco,Pipe Tobacco,Cigarette Equivalents,10724840.99984375,1982058.0,12706898.99984375
126,2009,Combustible Tobacco,Cigarettes,Cigarette Removals,Cigarettes,626412852.1178125,18988549.53125,645401401.6490625
127,2009,Combustible Tobacco,Loose Tobacco,Roll-Your-Own Tobacco,Pounds,11559366.0,639730.0,12199096.0
128,2009,Combustible Tobacco,Loose Tobacco,Total Loose Tobacco,Cigarette Equivalents,22284206.99984375,2621788.0,24905994.99984375
129,2009,Combustible Tobacco,Loose Tobacco,Roll-Your-Own Tobacco,Cigarette Equivalents,11559366.0,639730.0,12199096.0
130,2010,Combustible Tobacco,Cigars,Large Cigars,Cigars,40385117.280625,9529617.5,49914734.780625
131,2010,Noncombustible Tobacco,Smokeless Tobacco,Chewing Tobacco,Pounds,27422318.0,192666.0,27614984.0
132,2010,Combustible Tobacco,Loose Tobacco,Pipe Tobacco,Cigarette Equivalents,22266231.0,2822446.99953125,25088677.99953125
133,2010,Combustible Tobacco,Cigars,Small Cigars,Cigars,3667334.9943750002,324894.375,3992229.3693750002
134,2010,Combustible Tobacco,Loose Tobacco,Pipe Tobacco,Pounds,22266231.0,2822447.0,25088678.0
135,2010,Combustible Tobacco,Cigars,Total Cigars,Cigars,44052452.275,9854511.875,53906964.15
136,2010,Combustible Tobacco,All Combustibles,Total Combustible Tobacco,Cigarette Equivalents,644871200.7867187,23895945.15546875,668767145.9442188
137,2010,Combustible Tobacco,Loose Tobacco,Roll-Your-Own Tobacco,Cigarette Equivalents,5922423.999375001,511907.9996875,6434331.9990625
138,2010,Combustible Tobacco,Loose Tobacco,Roll-Your-Own Tobacco,Pounds,5922424.0,511908.0,6434332.0
139,2010,Combustible Tobacco,Cigarettes,Cigarette Removals,Cigarettes,594656319.6498438,15634334.21875,610290653.8685938
140,2010,Combustible Tobacco,Loose Tobacco,Total Loose Tobacco,Cigarette Equivalents,28188654.999375,3334354.9992187503,31523010.000625
141,2010,Combustible Tobacco,Loose Tobacco,Total Loose Tobacco,Pounds,28188655.0,3334355.0,31523010.0
142,2010,Noncombustible Tobacco,Smokeless Tobacco,Snuff,Pounds,99572886.0,339291.0,99912177.0
143,2011,Combustible Tobacco,All Combustibles,Total Combustible Tobacco,Cigarette Equivalents,641232138.4076563,22127982.74984375,663360121.1575
144,2011,Combustible Tobacco,Loose Tobacco,Total Loose Tobacco,Cigarette Equivalents,37739724.999843754,3049653.99984375,40789378.9996875
145,2011,Combustible Tobacco,Loose Tobacco,Roll-Your-Own Tobacco,Pounds,4899513.0,425592.0,5325105.0
146,2011,Noncombustible Tobacco,Smokeless Tobacco,Chewing Tobacco,Pounds,24636069.0,164463.0,24800532.0
147,2011,Combustible Tobacco,Cigars,Total Cigars,Cigars,43677694.360625,12089382.5,55767076.860625
148,2011,Combustible Tobacco,Loose Tobacco,Roll-Your-Own Tobacco,Cigarette Equivalents,4899512.9990625,425591.99921875,5325105.000312501
149,2011,Combustible Tobacco,Cigars,Large Cigars,Cigars,40615097.9121875,11909381.25,52524479.1621875
150,2011,Combustible Tobacco,Loose Tobacco,Pipe Tobacco,Pounds,32840212.0,2624062.0,35464274.0
151,2011,Noncombustible Tobacco,Smokeless Tobacco,Snuff,Pounds,103097456.0,464519.0,103561975.0
152,2011,Combustible Tobacco,Loose Tobacco,Total Loose Tobacco,Pounds,37739725.0,3049654.0,40789379.0
153,2011,Combustible Tobacco,Cigars,Small Cigars,Cigars,3062596.4484375003,180001.25,3242597.6984375003
154,2011,Combustible Tobacco,Loose Tobacco,Pipe Tobacco,Cigarette Equivalents,32840212.000781253,2624062.000625,35464273.999375
155,2011,Combustible Tobacco,Cigarettes,Cigarette Removals,Cigarettes,581653566.2275,13033637.5,594687203.7275
156,2012,Combustible Tobacco,Cigarettes,Cigarette Removals,Cigarettes,568421736.1509376,14927266.25,583349002.4009376
157,2012,Combustible Tobacco,Cigars,Large Cigars,Cigars,38344914.148125,14568222.5,52913136.648125
158,2012,Combustible Tobacco,Loose Tobacco,Total Loose Tobacco,Cigarette Equivalents,40680770.0,2833524.0009375,43514294.0009375
159,2012,Combustible Tobacco,Cigars,Total Cigars,Cigars,41208335.3459375,14800569.0625,56008904.408437505
160,2012,Combustible Tobacco,Loose Tobacco,Roll-Your-Own Tobacco,Pounds,4239394.0,310335.0,4549729.0
161,2012,Noncombustible Tobacco,Smokeless Tobacco,Snuff,Pounds,107626111.0,579234.0,108205345.0
162,2012,Combustible Tobacco,All Combustibles,Total Combustible Tobacco,Cigarette Equivalents,629706673.8239063,25161074.7821875,654867748.6060938
163,2012,Combustible Tobacco,Loose Tobacco,Total Loose Tobacco,Pounds,40680770.0,2833524.0,43514294.0
164,2012,Combustible Tobacco,Loose Tobacco,Roll-Your-Own Tobacco,Cigarette Equivalents,4239394.00015625,310335.000625,4549729.00078125
165,2012,Noncombustible Tobacco,Smokeless Tobacco,Chewing Tobacco,Pounds,23800851.0,345143.0,24145994.0
166,2012,Combustible Tobacco,Loose Tobacco,Pipe Tobacco,Cigarette Equivalents,36441375.999843754,2523189.0003125,38964565.00015625
167,2012,Combustible Tobacco,Cigars,Small Cigars,Cigars,2863421.1978125,232346.5625,3095767.7603125
168,2012,Combustible Tobacco,Loose Tobacco,Pipe Tobacco,Pounds,36441376.0,2523189.0,38964565.0
169,2013,Combustible Tobacco,Loose Tobacco,Pipe Tobacco,Cigarette Equivalents,39017640.000625,3230415.0003125,42248055.0009375
170,2013,Combustible Tobacco,Cigars,Total Cigars,Cigars,34098972.7325,19358941.875,53457914.6075
171,2013,Combustible Tobacco,Cigars,Large Cigars,Cigars,31618454.2334375,19160468.4375,50778922.6709375
172,2013,Combustible Tobacco,Loose Tobacco,Pipe Tobacco,Pounds,39017640.0,3230415.0,42248055.0
173,2013,Combustible Tobacco,Loose Tobacco,Roll-Your-Own Tobacco,Cigarette Equivalents,3628280.0003125,226264.00062500002,3854544.0009375
174,2013,Combustible Tobacco,Loose Tobacco,Roll-Your-Own Tobacco,Pounds,3628280.0,226264.0,3854544.0
175,2013,Combustible Tobacco,Cigarettes,Cigarette Removals,Cigarettes,540491402.6545312,15635390.46875,556126793.1232812
176,2013,Combustible Tobacco,Loose Tobacco,Total Loose Tobacco,Cigarette Equivalents,42645920.0009375,3456679.0009375,46102598.999843754
177,2013,Combustible Tobacco,Loose Tobacco,Total Loose Tobacco,Pounds,42645920.0,3456679.0,46102599.0
178,2013,Combustible Tobacco,All Combustibles,Total Combustible Tobacco,Cigarette Equivalents,600186809.0217187,28771540.407187503,628958349.426875
179,2013,Noncombustible Tobacco,Smokeless Tobacco,Snuff,Pounds,112352476.0,654149.0,113006625.0
180,2013,Noncombustible Tobacco,Smokeless Tobacco,Chewing Tobacco,Pounds,21944042.0,489659.0,22433701.0
181,2013,Combustible Tobacco,Cigars,Small Cigars,Cigars,2480518.4990625,198473.4375,2678991.9365625
182,2014,Combustible Tobacco,Loose Tobacco,Roll-Your-Own Tobacco,Cigarette Equivalents,3042545.0006250003,194950.00078125,3237494.999375
183,2014,Combustible Tobacco,All Combustibles,Total Combustible Tobacco,Cigarette Equivalents,572853166.8925,32857232.9678125,605710399.8623438
184,2014,Noncombustible Tobacco,Smokeless Tobacco,Chewing Tobacco,Pounds,21335199.0,630212.0,21965411.0
185,2014,Combustible Tobacco,Loose Tobacco,Total Loose Tobacco,Pounds,40685649.0,3636355.0,44322004.0
186,2014,Combustible Tobacco,Loose Tobacco,Total Loose Tobacco,Cigarette Equivalents,40685648.999531254,3636354.9990625,44322004.000625
187,2014,Combustible Tobacco,Loose Tobacco,Roll-Your-Own Tobacco,Pounds,3042545.0,194950.0,3237495.0
188,2014,Combustible Tobacco,Cigarettes,Cigarette Removals,Cigarettes,516925845.52171874,16645490.46875,533571335.99046874
189,2014,Combustible Tobacco,Cigars,Small Cigars,Cigars,2203721.3859375003,86949.6875,2290671.0734375003
190,2014,Combustible Tobacco,Cigars,Total Cigars,Cigars,30483344.7425,25150775.0,55634119.7425
191,2014,Combustible Tobacco,Loose Tobacco,Pipe Tobacco,Pounds,37643104.0,3441405.0,41084509.0
192,2014,Combustible Tobacco,Cigars,Large Cigars,Cigars,28279623.356562503,25063825.3125,53343448.6690625
193,2014,Combustible Tobacco,Loose Tobacco,Pipe Tobacco,Cigarette Equivalents,37643104.0009375,3441405.0003125,41084508.999218754
194,2014,Noncombustible Tobacco,Smokeless Tobacco,Snuff,Pounds,113664778.0,702966.0,114367744.0
195,2015,Noncombustible Tobacco,Smokeless Tobacco,Chewing Tobacco,Pounds,19352433.0,858688.0,20211121.0
196,2015,Combustible Tobacco,Loose Tobacco,Total Loose Tobacco,Pounds,39667190.0,4404935.0,44072125.0
197,2015,Combustible Tobacco,Loose Tobacco,Pipe Tobacco,Pounds,36192522.0,4165503.0,40358025.0
198,2015,Combustible Tobacco,Loose Tobacco,Roll-Your-Own Tobacco,Pounds,3474668.0,239432.0,3714100.0
199,2015,Combustible Tobacco,Loose Tobacco,Pipe Tobacco,Cigarette Equivalents,36192522.00078125,4165502.99953125,40358025.0003125
200,2015,Combustible Tobacco,Loose Tobacco,Roll-Your-Own Tobacco,Cigarette Equivalents,3474668.00078125,239431.99921875002,3714100.0
201,2015,Combustible Tobacco,All Combustibles,Total Combustible Tobacco,Cigarette Equivalents,579997293.3746876,34966253.12578125,614963546.5004687
202,2015,Combustible Tobacco,Cigarettes,Cigarette Removals,Cigarettes,527557379.3567188,17347323.90625,544904703.2629688
203,2015,Noncombustible Tobacco,Smokeless Tobacco,Snuff,Pounds,116987888.0,583932.0,117571820.0
204,2015,Combustible Tobacco,Loose Tobacco,Total Loose Tobacco,Cigarette Equivalents,39667189.999531254,4404935.00078125,44072125.0003125
205,2015,Combustible Tobacco,Cigars,Total Cigars,Cigars,25545448.036875002,26427988.4375,51973436.474375
206,2015,Combustible Tobacco,Cigars,Large Cigars,Cigars,23389557.485937502,26332499.375,49722056.8609375
207,2015,Combustible Tobacco,Cigars,Small Cigars,Cigars,2155890.5509375,95489.0625,2251379.6134375
208,2016,Combustible Tobacco,Loose Tobacco,Total Loose Tobacco,Cigarette Equivalents,37629237.999843754,5138272.99984375,42767510.9996875
209,2016,Combustible Tobacco,Cigars,Large Cigars,Cigars,20543095.1903125,28335283.4375,48878378.627812505
210,2016,Noncombustible Tobacco,Smokeless Tobacco,Snuff,Pounds,118477707.0,606334.0,119084041.0
211,2016,Combustible Tobacco,Cigars,Small Cigars,Cigars,1931041.1290625,86738.4375,2017779.5665625
212,2016,Combustible Tobacco,Loose Tobacco,Roll-Your-Own Tobacco,Cigarette Equivalents,2938377.999375,238630.00078125,3177008.0001562503
213,2016,Combustible Tobacco,Loose Tobacco,Roll-Your-Own Tobacco,Pounds,2938378.0,238630.0,3177008.0
214,2016,Combustible Tobacco,Loose Tobacco,Total Loose Tobacco,Pounds,37629238.0,5138273.0,42767511.0
215,2016,Noncombustible Tobacco,Smokeless Tobacco,Chewing Tobacco,Pounds,18913518.0,1092411.0,20005929.0
216,2016,Combustible Tobacco,Cigarettes,Cigarette Removals,Cigarettes,507456492.554375,15496406.25,522952898.804375
217,2016,Combustible Tobacco,Cigars,Total Cigars,Cigars,22474136.319375,28422021.875,50896158.194375
218,2016,Combustible Tobacco,Loose Tobacco,Pipe Tobacco,Pounds,34690860.0,4899643.0,39590503.0
219,2016,Combustible Tobacco,Loose Tobacco,Pipe Tobacco,Cigarette Equivalents,34690860.00046875,4899642.9990625,39590502.999531254
220,2016,Combustible Tobacco,All Combustibles,Total Combustible Tobacco,Cigarette Equivalents,556322798.7139063,34845690.187343754,591168488.90125
221,2017,Combustible Tobacco,Loose Tobacco,Total Loose Tobacco,Cigarette Equivalents,37536970.999531254,3867574.00046875,41404545.0
222,2017,Combustible Tobacco,Cigars,Small Cigars,Cigars,1684555.405,102366.875,1786922.28
223,2017,Combustible Tobacco,Loose Tobacco,Pipe Tobacco,Pounds,35074282.0,3665466.0,38739748.0
224,2017,Noncombustible Tobacco,Smokeless Tobacco,Chewing Tobacco,Pounds,17479594.0,1003775.0,18483369.0
225,2017,Combustible Tobacco,Cigarettes,Cigarette Removals,Cigarettes,486071035.539375,15978801.71875,502049776.320625
226,2017,Noncombustible Tobacco,Smokeless Tobacco,Snuff,Pounds,118596158.0,549547.0,119145705.0
227,2017,Combustible Tobacco,Loose Tobacco,Roll-Your-Own Tobacco,Pounds,2462689.0,202108.0,2664797.0
228,2017,Combustible Tobacco,Cigars,Total Cigars,Cigars,22682030.759375002,31730554.375,54412585.134375
229,2017,Combustible Tobacco,Loose Tobacco,Roll-Your-Own Tobacco,Cigarette Equivalents,2462688.9990625,202107.99984375,2664797.0009375
230,2017,Combustible Tobacco,All Combustibles,Total Combustible Tobacco,Cigarette Equivalents,534949021.91859376,35711652.90671875,570660674.8253125
231,2017,Combustible Tobacco,Cigars,Large Cigars,Cigars,20997475.354375,31628187.5,52625662.854375005
232,2017,Combustible Tobacco,Loose Tobacco,Total Loose Tobacco,Pounds,37536971.0,3867574.0,41404545.0
233,2017,Combustible Tobacco,Loose Tobacco,Pipe Tobacco,Cigarette Equivalents,35074282.00046875,3665466.0006250003,38739747.9990625
234,2018,Combustible Tobacco,Loose Tobacco,Total Loose Tobacco,Cigarette Equivalents,34639589.999218754,7387841.000312501,42027430.999531254
235,2018,Combustible Tobacco,Cigars,Small Cigars,Cigars,1446859.245,127375.625,1574234.87
236,2018,Combustible Tobacco,Loose Tobacco,Pipe Tobacco,Pounds,32689197.0,7243901.0,39933098.0
237,2018,Noncombustible Tobacco,Smokeless Tobacco,Chewing Tobacco,Pounds,16781079.0,1285902.0,18066981.0
238,2018,Combustible Tobacco,Cigarettes,Cigarette Removals,Cigarettes,460923295.70421875,17069190.9375,477992486.64171875
239,2018,Noncombustible Tobacco,Smokeless Tobacco,Snuff,Pounds,115535322.0,590382.0,116125704.0
240,2018,Combustible Tobacco,Loose Tobacco,Roll-Your-Own Tobacco,Pounds,1950393.0,143940.0,2094333.0
241,2018,Combustible Tobacco,Cigars,Total Cigars,Cigars,21834973.249375,31619321.5609375,53454294.8103125
242,2018,Combustible Tobacco,Loose Tobacco,Roll-Your-Own Tobacco,Cigarette Equivalents,1950393.00015625,143939.99953125,2094332.9996875
243,2018,Combustible Tobacco,All Combustibles,Total Combustible Tobacco,Cigarette Equivalents,506480372.328125,40266692.718281254,546747065.0464063
244,2018,Combustible Tobacco,Cigars,Large Cigars,Cigars,20388114.004375,31491945.9359375,51880059.940312505
245,2018,Combustible Tobacco,Loose Tobacco,Total Loose Tobacco,Pounds,34639590.0,7387841.0,42027431.0
246,2018,Combustible Tobacco,Loose Tobacco,Pipe Tobacco,Cigarette Equivalents,32689196.9990625,7243901.00078125,39933097.999843754
